{"name":"ranking","type":"H5","version":"1.0.0","description":"智能投顾","source":"平安证券","main":"index.html","app":{"min":"1.0.0","max":""},"aladdin":{"min":"1.0.0","max":""},"os":{"android":{"min":"4.1.0","max":""},"ios":{"min":"7.0.0","max":""}},"hardware":{"android":{"whiteList":["HuaWei Mate8"],"blackList":["Meizu M8"]},"ios":{}},"loadingWay":"online","upgradeTiming":"pluginStart","upgradeType":"full","upgradeStrategy":"forced","upgradeWay":"onlyWifi","publishType":"formal","effectTime":"2016-11-11 00:00:00","expiredTime":"9999-12-12 00:00:00","dependComponents":{"navigator":["setHeader","forward"],"toast":"*","dialog":"*","camera":"*","scaner":"*","loading":"*","network":"*","phone":"*","geolocation":"*"},"urlMapping":{"origin":{"ranking":"http://10.180.144.27:8080"}},"options":{"navigator":"true","menu":{}},"lastFullVersion":""}